Title,Media URL,Thumbnail,Pinterest board,Description,Link,Publish date,Keywords
Little Train - Free Printable Coloring Page,https://colotopia.com/images/coloriages/vehicules-train.png,,Vehicle Coloring Pages,Download and print this free little train coloring page. Perfect for children aged 3 to 8. High quality A4 format. #train #rail #travel #locomotive #coloringpage #freecoloring #printable,https://colotopia.com/en/coloring/vehicles-train/,,"train, rail, travel, locomotive, coloring page, free printable, kids coloring"
Big Truck - Free Printable Coloring Page,https://colotopia.com/images/coloriages/vehicules-camion.png,,Vehicle Coloring Pages,Download and print this free big truck coloring page. Perfect for children aged 3 to 8. High quality A4 format. #truck #vehicle #big #road #coloringpage #freecoloring #printable,https://colotopia.com/en/coloring/vehicles-truck/,,"truck, vehicle, big, road, coloring page, free printable, kids coloring"
Aquarius Zodiac Mandala - Free Printable Coloring Page,https://colotopia.com/images/coloriages/zodiaque-verseau.png,,Stress Relief Coloring Pages,Download and print this free aquarius zodiac mandala coloring page. Perfect for children aged 3 to 8. High quality A4 format. #aquarius #zodiac #mandala #adult #coloringpage #freecoloring #printable,https://colotopia.com/en/coloring/zodiac-aquarius/,,"aquarius, zodiac, mandala, adult, coloring page, free printable, kids coloring"
Aries Zodiac Mandala - Free Printable Coloring Page,https://colotopia.com/images/coloriages/zodiaque-belier.png,,Stress Relief Coloring Pages,Download and print this free aries zodiac mandala coloring page. Perfect for children aged 3 to 8. High quality A4 format. #aries #zodiac #mandala #adult #coloringpage #freecoloring #printable,https://colotopia.com/en/coloring/zodiac-aries/,,"aries, zodiac, mandala, adult, coloring page, free printable, kids coloring"
Cancer Zodiac Mandala - Free Printable Coloring Page,https://colotopia.com/images/coloriages/zodiaque-cancer.png,,Stress Relief Coloring Pages,Download and print this free cancer zodiac mandala coloring page. Perfect for children aged 3 to 8. High quality A4 format. #cancer #zodiac #mandala #adult #coloringpage #freecoloring #printable,https://colotopia.com/en/coloring/zodiac-cancer/,,"cancer, zodiac, mandala, adult, coloring page, free printable, kids coloring"
Capricorn Zodiac Mandala - Free Printable Coloring Page,https://colotopia.com/images/coloriages/zodiaque-capricorne.png,,Stress Relief Coloring Pages,Download and print this free capricorn zodiac mandala coloring page. Perfect for children aged 3 to 8. High quality A4 format. #capricorn #zodiac #mandala #adult #coloringpage #freecoloring #printable,https://colotopia.com/en/coloring/zodiac-capricorn/,,"capricorn, zodiac, mandala, adult, coloring page, free printable, kids coloring"
Gemini Zodiac Mandala - Free Printable Coloring Page,https://colotopia.com/images/coloriages/zodiaque-gemeaux.png,,Stress Relief Coloring Pages,Download and print this free gemini zodiac mandala coloring page. Perfect for children aged 3 to 8. High quality A4 format. #gemini #zodiac #mandala #adult #coloringpage #freecoloring #printable,https://colotopia.com/en/coloring/zodiac-gemini/,,"gemini, zodiac, mandala, adult, coloring page, free printable, kids coloring"
Leo Zodiac Mandala - Free Printable Coloring Page,https://colotopia.com/images/coloriages/zodiaque-lion.png,,Stress Relief Coloring Pages,Download and print this free leo zodiac mandala coloring page. Perfect for children aged 3 to 8. High quality A4 format. #leo #zodiac #mandala #adult #coloringpage #freecoloring #printable,https://colotopia.com/en/coloring/zodiac-leo/,,"leo, zodiac, mandala, adult, coloring page, free printable, kids coloring"
Libra Zodiac Mandala - Free Printable Coloring Page,https://colotopia.com/images/coloriages/zodiaque-balance.png,,Stress Relief Coloring Pages,Download and print this free libra zodiac mandala coloring page. Perfect for children aged 3 to 8. High quality A4 format. #libra #zodiac #mandala #adult #coloringpage #freecoloring #printable,https://colotopia.com/en/coloring/zodiac-libra/,,"libra, zodiac, mandala, adult, coloring page, free printable, kids coloring"
Pisces Zodiac Mandala - Free Printable Coloring Page,https://colotopia.com/images/coloriages/zodiaque-poissons.png,,Stress Relief Coloring Pages,Download and print this free pisces zodiac mandala coloring page. Perfect for children aged 3 to 8. High quality A4 format. #pisces #zodiac #mandala #adult #coloringpage #freecoloring #printable,https://colotopia.com/en/coloring/zodiac-pisces/,,"pisces, zodiac, mandala, adult, coloring page, free printable, kids coloring"
Sagittarius Zodiac Mandala - Free Printable Coloring Page,https://colotopia.com/images/coloriages/zodiaque-sagittaire.png,,Stress Relief Coloring Pages,Download and print this free sagittarius zodiac mandala coloring page. Perfect for children aged 3 to 8. High quality A4 format. #sagittarius #zodiac #mandala #adult #coloringpage #freecoloring #printable,https://colotopia.com/en/coloring/zodiac-sagittarius/,,"sagittarius, zodiac, mandala, adult, coloring page, free printable, kids coloring"
Scorpio Zodiac Mandala - Free Printable Coloring Page,https://colotopia.com/images/coloriages/zodiaque-scorpion.png,,Stress Relief Coloring Pages,Download and print this free scorpio zodiac mandala coloring page. Perfect for children aged 3 to 8. High quality A4 format. #scorpio #zodiac #mandala #adult #coloringpage #freecoloring #printable,https://colotopia.com/en/coloring/zodiac-scorpio/,,"scorpio, zodiac, mandala, adult, coloring page, free printable, kids coloring"
Taurus Zodiac Mandala - Free Printable Coloring Page,https://colotopia.com/images/coloriages/zodiaque-taureau.png,,Stress Relief Coloring Pages,Download and print this free taurus zodiac mandala coloring page. Perfect for children aged 3 to 8. High quality A4 format. #taurus #zodiac #mandala #adult #coloringpage #freecoloring #printable,https://colotopia.com/en/coloring/zodiac-taurus/,,"taurus, zodiac, mandala, adult, coloring page, free printable, kids coloring"
Virgo Zodiac Mandala - Free Printable Coloring Page,https://colotopia.com/images/coloriages/zodiaque-vierge.png,,Stress Relief Coloring Pages,Download and print this free virgo zodiac mandala coloring page. Perfect for children aged 3 to 8. High quality A4 format. #virgo #zodiac #mandala #adult #coloringpage #freecoloring #printable,https://colotopia.com/en/coloring/zodiac-virgo/,,"virgo, zodiac, mandala, adult, coloring page, free printable, kids coloring"
