Image File,Pin Title,Pin Description,Page Link,Hashtags
kawaii-bebe-dragon.png,Kawaii Baby Dragon - Free Printable Coloring Page,Download and print this free kawaii baby dragon coloring page. Perfect for children aged 3 to 8. High quality A4 format. #kawaii #dragon #fantasy #cute #coloringpage #freecoloring #printable #kidsactivities #coloring,https://colotopia.com/en/coloring/kawaii-baby-dragon/,#kawaii #dragon #fantasy #cute #coloringpage #freecoloring #printable #kidsactivities #coloring
kawaii-ours.png,Kawaii Bear - Free Printable Coloring Page,Download and print this free kawaii bear coloring page. Perfect for children aged 3 to 8. High quality A4 format. #kawaii #bear #animals #cute #coloringpage #freecoloring #printable #kidsactivities #coloring,https://colotopia.com/en/coloring/kawaii-bear/,#kawaii #bear #animals #cute #coloringpage #freecoloring #printable #kidsactivities #coloring
kawaii-cactus.png,Kawaii Cactus - Free Printable Coloring Page,Download and print this free kawaii cactus coloring page. Perfect for children aged 3 to 8. High quality A4 format. #kawaii #cactus #plant #cute #coloringpage #freecoloring #printable #kidsactivities #coloring,https://colotopia.com/en/coloring/kawaii-cactus/,#kawaii #cactus #plant #cute #coloringpage #freecoloring #printable #kidsactivities #coloring
kawaii-chat.png,Kawaii Cat - Free Printable Coloring Page,Download and print this free kawaii cat coloring page. Perfect for children aged 3 to 8. High quality A4 format. #kawaii #cat #cute #kids #coloringpage #freecoloring #printable #kidsactivities #coloring,https://colotopia.com/en/coloring/kawaii-cat/,#kawaii #cat #cute #kids #coloringpage #freecoloring #printable #kidsactivities #coloring
kawaii-cerise.png,Kawaii Cherries - Free Printable Coloring Page,Download and print this free kawaii cherries coloring page. Perfect for children aged 3 to 8. High quality A4 format. #kawaii #cherries #fruit #cute #coloringpage #freecoloring #printable #kidsactivities #coloring,https://colotopia.com/en/coloring/kawaii-cherries/,#kawaii #cherries #fruit #cute #coloringpage #freecoloring #printable #kidsactivities #coloring
kawaii-nuage.png,Kawaii Cloud - Free Printable Coloring Page,Download and print this free kawaii cloud coloring page. Perfect for children aged 3 to 8. High quality A4 format. #kawaii #cloud #sky #cute #coloringpage #freecoloring #printable #kidsactivities #coloring,https://colotopia.com/en/coloring/kawaii-cloud/,#kawaii #cloud #sky #cute #coloringpage #freecoloring #printable #kidsactivities #coloring
kawaii-cupcake.png,Kawaii Cupcake - Free Printable Coloring Page,Download and print this free kawaii cupcake coloring page. Perfect for children aged 3 to 8. High quality A4 format. #kawaii #cupcake #cake #cute #coloringpage #freecoloring #printable #kidsactivities #coloring,https://colotopia.com/en/coloring/kawaii-cupcake/,#kawaii #cupcake #cake #cute #coloringpage #freecoloring #printable #kidsactivities #coloring
kawaii-dinosaure.png,Kawaii Dinosaur - Free Printable Coloring Page,Download and print this free kawaii dinosaur coloring page. Perfect for children aged 3 to 8. High quality A4 format. #kawaii #dinosaur #animals #cute #coloringpage #freecoloring #printable #kidsactivities #coloring,https://colotopia.com/en/coloring/kawaii-dinosaur/,#kawaii #dinosaur #animals #cute #coloringpage #freecoloring #printable #kidsactivities #coloring
kawaii-renard.png,Kawaii Fox - Free Printable Coloring Page,Download and print this free kawaii fox coloring page. Perfect for children aged 3 to 8. High quality A4 format. #kawaii #fox #animals #cute #coloringpage #freecoloring #printable #kidsactivities #coloring,https://colotopia.com/en/coloring/kawaii-fox/,#kawaii #fox #animals #cute #coloringpage #freecoloring #printable #kidsactivities #coloring
kawaii-glace.png,Kawaii Ice Cream - Free Printable Coloring Page,Download and print this free kawaii ice cream coloring page. Perfect for children aged 3 to 8. High quality A4 format. #kawaii #ice-cream #dessert #cute #coloringpage #freecoloring #printable #kidsactivities #coloring,https://colotopia.com/en/coloring/kawaii-ice-cream/,#kawaii #ice-cream #dessert #cute #coloringpage #freecoloring #printable #kidsactivities #coloring
kawaii-koala.png,Kawaii Koala - Free Printable Coloring Page,Download and print this free kawaii koala coloring page. Perfect for children aged 3 to 8. High quality A4 format. #kawaii #koala #animals #cute #coloringpage #freecoloring #printable #kidsactivities #coloring,https://colotopia.com/en/coloring/kawaii-koala/,#kawaii #koala #animals #cute #coloringpage #freecoloring #printable #kidsactivities #coloring
kawaii-lune.png,Kawaii Moon - Free Printable Coloring Page,Download and print this free kawaii moon coloring page. Perfect for children aged 3 to 8. High quality A4 format. #kawaii #moon #night #cute #coloringpage #freecoloring #printable #kidsactivities #coloring,https://colotopia.com/en/coloring/kawaii-moon/,#kawaii #moon #night #cute #coloringpage #freecoloring #printable #kidsactivities #coloring
kawaii-panda.png,Kawaii Panda - Free Printable Coloring Page,Download and print this free kawaii panda coloring page. Perfect for children aged 3 to 8. High quality A4 format. #kawaii #panda #bear #cute #coloringpage #freecoloring #printable #kidsactivities #coloring,https://colotopia.com/en/coloring/kawaii-panda/,#kawaii #panda #bear #cute #coloringpage #freecoloring #printable #kidsactivities #coloring
kawaii-pizza.png,Kawaii Pizza - Free Printable Coloring Page,Download and print this free kawaii pizza coloring page. Perfect for children aged 3 to 8. High quality A4 format. #kawaii #pizza #food #cute #coloringpage #freecoloring #printable #kidsactivities #coloring,https://colotopia.com/en/coloring/kawaii-pizza/,#kawaii #pizza #food #cute #coloringpage #freecoloring #printable #kidsactivities #coloring
kawaii-arc-en-ciel.png,Kawaii Rainbow - Free Printable Coloring Page,Download and print this free kawaii rainbow coloring page. Perfect for children aged 3 to 8. High quality A4 format. #kawaii #rainbow #sky #cute #coloringpage #freecoloring #printable #kidsactivities #coloring,https://colotopia.com/en/coloring/kawaii-rainbow/,#kawaii #rainbow #sky #cute #coloringpage #freecoloring #printable #kidsactivities #coloring
kawaii-requin.png,Kawaii Shark - Free Printable Coloring Page,Download and print this free kawaii shark coloring page. Perfect for children aged 3 to 8. High quality A4 format. #kawaii #shark #sea #cute #coloringpage #freecoloring #printable #kidsactivities #coloring,https://colotopia.com/en/coloring/kawaii-shark/,#kawaii #shark #sea #cute #coloringpage #freecoloring #printable #kidsactivities #coloring
kawaii-etoile.png,Kawaii Star - Free Printable Coloring Page,Download and print this free kawaii star coloring page. Perfect for children aged 3 to 8. High quality A4 format. #kawaii #star #magic #cute #coloringpage #freecoloring #printable #kidsactivities #coloring,https://colotopia.com/en/coloring/kawaii-star/,#kawaii #star #magic #cute #coloringpage #freecoloring #printable #kidsactivities #coloring
kawaii-fraise.png,Kawaii Strawberry - Free Printable Coloring Page,Download and print this free kawaii strawberry coloring page. Perfect for children aged 3 to 8. High quality A4 format. #kawaii #strawberry #fruit #cute #coloringpage #freecoloring #printable #kidsactivities #coloring,https://colotopia.com/en/coloring/kawaii-strawberry/,#kawaii #strawberry #fruit #cute #coloringpage #freecoloring #printable #kidsactivities #coloring
kawaii-soleil.png,Kawaii Sun - Free Printable Coloring Page,Download and print this free kawaii sun coloring page. Perfect for children aged 3 to 8. High quality A4 format. #kawaii #sun #nature #cute #coloringpage #freecoloring #printable #kidsactivities #coloring,https://colotopia.com/en/coloring/kawaii-sun/,#kawaii #sun #nature #cute #coloringpage #freecoloring #printable #kidsactivities #coloring
kawaii-licorne.png,Kawaii Unicorn - Free Printable Coloring Page,Download and print this free kawaii unicorn coloring page. Perfect for children aged 3 to 8. High quality A4 format. #kawaii #unicorn #magic #cute #coloringpage #freecoloring #printable #kidsactivities #coloring,https://colotopia.com/en/coloring/kawaii-unicorn/,#kawaii #unicorn #magic #cute #coloringpage #freecoloring #printable #kidsactivities #coloring
